-- MySQL dump 10.14  Distrib 5.5.33a-MariaDB, for Linux (i686)
--
-- Host: localhost    Database: blog
-- ------------------------------------------------------
-- Server version	5.6.14

/*!40101 SET @OLD_CHARACTER_SET_CLIENT=@@CHARACTER_SET_CLIENT */;
/*!40101 SET @OLD_CHARACTER_SET_RESULTS=@@CHARACTER_SET_RESULTS */;
/*!40101 SET @OLD_COLLATION_CONNECTION=@@COLLATION_CONNECTION */;
/*!40101 SET NAMES utf8 */;
/*!40103 SET @OLD_TIME_ZONE=@@TIME_ZONE */;
/*!40103 SET TIME_ZONE='+00:00' */;
/*!40014 SET @OLD_UNIQUE_CHECKS=@@UNIQUE_CHECKS, UNIQUE_CHECKS=0 */;
/*!40014 SET @OLD_FOREIGN_KEY_CHECKS=@@FOREIGN_KEY_CHECKS, FOREIGN_KEY_CHECKS=0 */;
/*!40101 SET @OLD_SQL_MODE=@@SQL_MODE, SQL_MODE='NO_AUTO_VALUE_ON_ZERO' */;
/*!40111 SET @OLD_SQL_NOTES=@@SQL_NOTES, SQL_NOTES=0 */;

--
-- Table structure for table `globalparam`
--

DROP TABLE IF EXISTS `globalparam`;
/*!40101 SET @saved_cs_client     = @@character_set_client */;
/*!40101 SET character_set_client = utf8 */;
CREATE TABLE `globalparam` (
  `id` int(11) NOT NULL AUTO_INCREMENT,
  `user_id` int(11) DEFAULT NULL,
  `metapolation` float DEFAULT NULL,
  `unitwidth` float DEFAULT NULL,
  `fontsize` float DEFAULT NULL,
  `mean` float DEFAULT NULL,
  `cap` float DEFAULT NULL,
  `ascl` float DEFAULT NULL,
  `des` float DEFAULT NULL,
  `box` float DEFAULT NULL,
  PRIMARY KEY (`id`),
  KEY `user_id` (`user_id`),
  CONSTRAINT `globalparam_ibfk_1` FOREIGN KEY (`user_id`) REFERENCES `users` (`id`)
) ENGINE=InnoDB DEFAULT CHARSET=utf8;
/*!40101 SET character_set_client = @saved_cs_client */;

--
-- Dumping data for table `globalparam`
--

LOCK TABLES `globalparam` WRITE;
/*!40000 ALTER TABLE `globalparam` DISABLE KEYS */;
/*!40000 ALTER TABLE `globalparam` ENABLE KEYS */;
UNLOCK TABLES;

--
-- Table structure for table `glyph`
--

DROP TABLE IF EXISTS `glyph`;
/*!40101 SET @saved_cs_client     = @@character_set_client */;
/*!40101 SET character_set_client = utf8 */;
CREATE TABLE `glyph` (
  `id` int(11) NOT NULL AUTO_INCREMENT,
  `master_id` int(11) DEFAULT NULL,
  `user_id` int(11) DEFAULT NULL,
  `fontsource` enum('A','B') DEFAULT NULL,
  `name` varchar(3) DEFAULT NULL,
  `width` int(11) DEFAULT NULL,
  `unicode` text,
  PRIMARY KEY (`id`),
  KEY `master_id` (`master_id`),
  KEY `user_id` (`user_id`),
  KEY `ix_glyph_fontsource` (`fontsource`),
  KEY `ix_glyph_name` (`name`),
  CONSTRAINT `glyph_ibfk_1` FOREIGN KEY (`master_id`) REFERENCES `master` (`id`),
  CONSTRAINT `glyph_ibfk_2` FOREIGN KEY (`user_id`) REFERENCES `users` (`id`)
) ENGINE=InnoDB AUTO_INCREMENT=5 DEFAULT CHARSET=utf8;
/*!40101 SET character_set_client = @saved_cs_client */;

--
-- Dumping data for table `glyph`
--

LOCK TABLES `glyph` WRITE;
/*!40000 ALTER TABLE `glyph` DISABLE KEYS */;
INSERT INTO `glyph` VALUES (1,1,1,'A','71',1110,'0067'),(2,1,1,'B','71',1110,'0067'),(3,2,1,'A','71',1110,'0067'),(4,2,1,'B','71',1110,'0067');
/*!40000 ALTER TABLE `glyph` ENABLE KEYS */;
UNLOCK TABLES;

--
-- Table structure for table `glyphoutline`
--

DROP TABLE IF EXISTS `glyphoutline`;
/*!40101 SET @saved_cs_client     = @@character_set_client */;
/*!40101 SET character_set_client = utf8 */;
CREATE TABLE `glyphoutline` (
  `id` int(11) NOT NULL AUTO_INCREMENT,
  `glyph_id` int(11) DEFAULT NULL,
  `master_id` int(11) DEFAULT NULL,
  `user_id` int(11) DEFAULT NULL,
  `glyphname` varchar(3) DEFAULT NULL,
  `fontsource` enum('A','B') DEFAULT NULL,
  `pointnr` int(11) DEFAULT NULL,
  `x` int(11) DEFAULT NULL,
  `y` int(11) DEFAULT NULL,
  PRIMARY KEY (`id`),
  KEY `glyph_id` (`glyph_id`),
  KEY `master_id` (`master_id`),
  KEY `user_id` (`user_id`),
  KEY `ix_glyphoutline_fontsource` (`fontsource`),
  KEY `ix_glyphoutline_pointnr` (`pointnr`),
  KEY `ix_glyphoutline_glyphname` (`glyphname`),
  CONSTRAINT `glyphoutline_ibfk_1` FOREIGN KEY (`glyph_id`) REFERENCES `glyph` (`id`),
  CONSTRAINT `glyphoutline_ibfk_2` FOREIGN KEY (`master_id`) REFERENCES `master` (`id`),
  CONSTRAINT `glyphoutline_ibfk_3` FOREIGN KEY (`user_id`) REFERENCES `users` (`id`)
) ENGINE=InnoDB AUTO_INCREMENT=125 DEFAULT CHARSET=utf8;
/*!40101 SET character_set_client = @saved_cs_client */;

--
-- Dumping data for table `glyphoutline`
--

LOCK TABLES `glyphoutline` WRITE;
/*!40000 ALTER TABLE `glyphoutline` DISABLE KEYS */;
INSERT INTO `glyphoutline` VALUES (1,1,1,1,'71','A',1,791,532),(2,1,1,1,'71','A',2,791,381),(3,1,1,1,'71','A',3,668,179),(4,1,1,1,'71','A',4,550,179),(5,1,1,1,'71','A',5,421,179),(6,1,1,1,'71','A',6,281,368),(7,1,1,1,'71','A',7,281,507),(8,1,1,1,'71','A',8,281,661),(9,1,1,1,'71','A',9,423,865),(10,1,1,1,'71','A',10,550,865),(11,1,1,1,'71','A',11,661,865),(12,1,1,1,'71','A',12,791,664),(13,1,1,1,'71','A',13,791,532),(14,1,1,1,'71','A',14,927,532),(15,1,1,1,'71','A',15,927,744),(16,1,1,1,'71','A',16,736,1029),(17,1,1,1,'71','A',17,550,1029),(18,1,1,1,'71','A',18,364,1029),(19,1,1,1,'71','A',19,123,712),(20,1,1,1,'71','A',20,123,507),(21,1,1,1,'71','A',21,123,302),(22,1,1,1,'71','A',22,364,18),(23,1,1,1,'71','A',23,550,18),(24,1,1,1,'71','A',24,707,18),(25,1,1,1,'71','A',25,927,280),(26,1,1,1,'71','A',26,927,532),(27,1,1,1,'71','A',27,243,-256),(28,1,1,1,'71','A',28,321,-305),(29,1,1,1,'71','A',29,472,-354),(30,1,1,1,'71','A',30,544,-354),(31,1,1,1,'71','A',31,733,-354),(32,1,1,1,'71','A',32,964,-95),(33,1,1,1,'71','A',33,964,177),(34,1,1,1,'71','A',34,964,1024),(35,1,1,1,'71','A',35,802,1024),(36,1,1,1,'71','A',36,802,1024),(37,1,1,1,'71','A',37,800,138),(38,1,1,1,'71','A',38,800,138),(39,1,1,1,'71','A',39,798,-41),(40,1,1,1,'71','A',40,666,-187),(41,1,1,1,'71','A',41,544,-187),(42,1,1,1,'71','A',42,496,-187),(43,1,1,1,'71','A',43,387,-149),(44,1,1,1,'71','A',44,326,-111),(45,2,1,1,'71','B',1,791,532),(46,2,1,1,'71','B',2,791,381),(47,2,1,1,'71','B',3,668,179),(48,2,1,1,'71','B',4,550,179),(49,2,1,1,'71','B',5,421,179),(50,2,1,1,'71','B',6,281,368),(51,2,1,1,'71','B',7,281,507),(52,2,1,1,'71','B',8,281,661),(53,2,1,1,'71','B',9,423,865),(54,2,1,1,'71','B',10,550,865),(55,2,1,1,'71','B',11,661,865),(56,2,1,1,'71','B',12,791,664),(57,2,1,1,'71','B',13,791,532),(58,2,1,1,'71','B',14,927,532),(59,2,1,1,'71','B',15,927,744),(60,2,1,1,'71','B',16,736,1029),(61,2,1,1,'71','B',17,550,1029),(62,2,1,1,'71','B',18,364,1029),(63,2,1,1,'71','B',19,123,712),(64,2,1,1,'71','B',20,123,507),(65,2,1,1,'71','B',21,123,302),(66,2,1,1,'71','B',22,364,18),(67,2,1,1,'71','B',23,550,18),(68,2,1,1,'71','B',24,707,18),(69,2,1,1,'71','B',25,927,280),(70,2,1,1,'71','B',26,927,532),(71,2,1,1,'71','B',27,243,-256),(72,2,1,1,'71','B',28,321,-305),(73,2,1,1,'71','B',29,472,-354),(74,2,1,1,'71','B',30,544,-354),(75,2,1,1,'71','B',31,733,-354),(76,2,1,1,'71','B',32,964,-95),(77,2,1,1,'71','B',33,964,177),(78,2,1,1,'71','B',34,964,1024),(79,2,1,1,'71','B',35,802,1024),(80,2,1,1,'71','B',36,802,1024),(81,2,1,1,'71','B',37,800,138),(82,2,1,1,'71','B',38,800,138),(83,2,1,1,'71','B',39,798,-41),(84,2,1,1,'71','B',40,666,-187),(85,2,1,1,'71','B',41,544,-187),(86,2,1,1,'71','B',42,496,-187),(87,2,1,1,'71','B',43,387,-149),(88,2,1,1,'71','B',44,326,-111),(89,3,2,1,'71','A',1,791,532),(90,4,2,1,'71','B',1,791,532),(91,3,2,1,'71','A',2,550,178),(92,4,2,1,'71','B',2,550,178),(93,3,2,1,'71','A',3,280,507),(94,4,2,1,'71','B',3,280,507),(95,3,2,1,'71','A',4,550,864),(96,4,2,1,'71','B',4,550,864),(97,3,2,1,'71','A',5,791,532),(98,4,2,1,'71','B',5,791,532),(99,3,2,1,'71','A',6,927,532),(100,4,2,1,'71','B',6,927,532),(101,3,2,1,'71','A',7,550,1028),(102,4,2,1,'71','B',7,550,1028),(103,3,2,1,'71','A',8,122,507),(104,4,2,1,'71','B',8,122,507),(105,3,2,1,'71','A',9,550,17),(106,4,2,1,'71','B',9,550,17),(107,3,2,1,'71','A',10,927,532),(108,4,2,1,'71','B',10,927,532),(109,3,2,1,'71','A',11,242,-255),(110,4,2,1,'71','B',11,242,-255),(111,3,2,1,'71','A',12,544,-353),(112,4,2,1,'71','B',12,544,-353),(113,3,2,1,'71','A',13,923,167),(114,4,2,1,'71','B',13,923,167),(115,3,2,1,'71','A',14,964,1024),(116,4,2,1,'71','B',14,964,1024),(117,3,2,1,'71','A',15,802,1024),(118,4,2,1,'71','B',15,802,1024),(119,3,2,1,'71','A',16,841,147),(120,4,2,1,'71','B',16,841,147),(121,3,2,1,'71','A',17,544,-186),(122,4,2,1,'71','B',17,544,-186),(123,3,2,1,'71','A',18,325,-111),(124,4,2,1,'71','B',18,325,-111);
/*!40000 ALTER TABLE `glyphoutline` ENABLE KEYS */;
UNLOCK TABLES;

--
-- Table structure for table `glyphparam`
--

DROP TABLE IF EXISTS `glyphparam`;
/*!40101 SET @saved_cs_client     = @@character_set_client */;
/*!40101 SET character_set_client = utf8 */;
CREATE TABLE `glyphparam` (
  `id` int(11) NOT NULL AUTO_INCREMENT,
  `glyph_id` int(11) DEFAULT NULL,
  `glyphoutline_id` int(11) DEFAULT NULL,
  `fontsource` enum('A','B') DEFAULT NULL,
  `user_id` int(11) DEFAULT NULL,
  `master_id` int(11) DEFAULT NULL,
  `pointname` varchar(32) DEFAULT NULL,
  `groupname` varchar(32) DEFAULT NULL,
  `startp` int(11) DEFAULT NULL,
  `doubledash` int(11) DEFAULT NULL,
  `tripledash` int(11) DEFAULT NULL,
  `superleft` float DEFAULT NULL,
  `superright` float DEFAULT NULL,
  `leftp` int(11) DEFAULT NULL,
  `rightp` int(11) DEFAULT NULL,
  `downp` int(11) DEFAULT NULL,
  `upp` int(11) DEFAULT NULL,
  `dir` varchar(32) DEFAULT NULL,
  `leftp2` int(11) DEFAULT NULL,
  `rightp2` int(11) DEFAULT NULL,
  `downp2` int(11) DEFAULT NULL,
  `upp2` int(11) DEFAULT NULL,
  `dir2` varchar(32) DEFAULT NULL,
  `tension` varchar(32) DEFAULT NULL,
  `tensionand` varchar(32) DEFAULT NULL,
  `cycle` int(11) DEFAULT NULL,
  `penshifted` varchar(32) DEFAULT NULL,
  `pointshifted` varchar(32) DEFAULT NULL,
  `angle` varchar(32) DEFAULT NULL,
  `penwidth` varchar(32) DEFAULT NULL,
  `overx` varchar(32) DEFAULT NULL,
  `overbase` varchar(32) DEFAULT NULL,
  `overcap` varchar(32) DEFAULT NULL,
  `overasc` varchar(32) DEFAULT NULL,
  `overdesc` varchar(32) DEFAULT NULL,
  `ascpoint` int(11) DEFAULT NULL,
  `descpoint` int(11) DEFAULT NULL,
  `stemcutter` varchar(32) DEFAULT NULL,
  `stemshift` varchar(32) DEFAULT NULL,
  `inktrap_l` float DEFAULT NULL,
  `inktrap_r` float DEFAULT NULL,
  PRIMARY KEY (`id`),
  KEY `glyph_id` (`glyph_id`),
  KEY `glyphoutline_id` (`glyphoutline_id`),
  KEY `user_id` (`user_id`),
  KEY `master_id` (`master_id`),
  KEY `ix_glyphparam_fontsource` (`fontsource`),
  CONSTRAINT `glyphparam_ibfk_1` FOREIGN KEY (`glyph_id`) REFERENCES `glyph` (`id`),
  CONSTRAINT `glyphparam_ibfk_2` FOREIGN KEY (`glyphoutline_id`) REFERENCES `glyphoutline` (`id`),
  CONSTRAINT `glyphparam_ibfk_3` FOREIGN KEY (`user_id`) REFERENCES `users` (`id`),
  CONSTRAINT `glyphparam_ibfk_4` FOREIGN KEY (`master_id`) REFERENCES `master` (`id`)
) ENGINE=InnoDB AUTO_INCREMENT=125 DEFAULT CHARSET=utf8;
/*!40101 SET character_set_client = @saved_cs_client */;

--
-- Dumping data for table `glyphparam`
--

LOCK TABLES `glyphparam` WRITE;
/*!40000 ALTER TABLE `glyphparam` DISABLE KEYS */;
INSERT INTO `glyphparam` VALUES (1,1,1,NULL,1,1,'z1l',NULL,1,NULL,NULL,NULL,NULL,NULL,NULL,NULL,NULL,NULL,NULL,NULL,NULL,NULL,NULL,NULL,NULL,NULL,NULL,NULL,NULL,NULL,NULL,NULL,NULL,NULL,NULL,NULL,NULL,NULL,NULL,NULL,NULL),(2,1,2,NULL,1,1,'p2',NULL,NULL,NULL,NULL,NULL,NULL,NULL,NULL,NULL,NULL,NULL,NULL,NULL,NULL,NULL,NULL,NULL,NULL,NULL,NULL,NULL,NULL,NULL,NULL,NULL,NULL,NULL,NULL,NULL,NULL,NULL,NULL,NULL,NULL),(3,1,3,NULL,1,1,'p3',NULL,NULL,NULL,NULL,NULL,NULL,NULL,NULL,NULL,NULL,NULL,NULL,NULL,NULL,NULL,NULL,NULL,NULL,NULL,NULL,NULL,NULL,NULL,NULL,NULL,NULL,NULL,NULL,NULL,NULL,NULL,NULL,NULL,NULL),(4,1,4,NULL,1,1,'z2l',NULL,NULL,NULL,NULL,NULL,NULL,NULL,NULL,NULL,NULL,NULL,NULL,NULL,NULL,NULL,NULL,NULL,NULL,NULL,NULL,NULL,NULL,NULL,NULL,NULL,NULL,NULL,NULL,NULL,NULL,NULL,NULL,NULL,NULL),(5,1,5,NULL,1,1,'p5',NULL,NULL,NULL,NULL,NULL,NULL,NULL,NULL,NULL,NULL,NULL,NULL,NULL,NULL,NULL,NULL,NULL,NULL,NULL,NULL,NULL,NULL,NULL,NULL,NULL,NULL,NULL,NULL,NULL,NULL,NULL,NULL,NULL,NULL),(6,1,6,NULL,1,1,'p6',NULL,NULL,NULL,NULL,NULL,NULL,NULL,NULL,NULL,NULL,NULL,NULL,NULL,NULL,NULL,NULL,NULL,NULL,NULL,NULL,NULL,NULL,NULL,NULL,NULL,NULL,NULL,NULL,NULL,NULL,NULL,NULL,NULL,NULL),(7,1,7,NULL,1,1,'z3l',NULL,NULL,NULL,NULL,NULL,NULL,NULL,NULL,NULL,NULL,NULL,NULL,NULL,NULL,NULL,NULL,NULL,NULL,NULL,NULL,NULL,NULL,NULL,NULL,NULL,NULL,NULL,NULL,NULL,NULL,NULL,NULL,NULL,NULL),(8,1,8,NULL,1,1,'p8',NULL,NULL,NULL,NULL,NULL,NULL,NULL,NULL,NULL,NULL,NULL,NULL,NULL,NULL,NULL,NULL,NULL,NULL,NULL,NULL,NULL,NULL,NULL,NULL,NULL,NULL,NULL,NULL,NULL,NULL,NULL,NULL,NULL,NULL),(9,1,9,NULL,1,1,'p9',NULL,NULL,NULL,NULL,NULL,NULL,NULL,NULL,NULL,NULL,NULL,NULL,NULL,NULL,NULL,NULL,NULL,NULL,NULL,NULL,NULL,NULL,NULL,NULL,NULL,NULL,NULL,NULL,NULL,NULL,NULL,NULL,NULL,NULL),(10,1,10,NULL,1,1,'z4l',NULL,NULL,NULL,NULL,NULL,NULL,NULL,NULL,NULL,NULL,NULL,NULL,NULL,NULL,NULL,NULL,NULL,NULL,NULL,NULL,NULL,NULL,NULL,NULL,NULL,NULL,NULL,NULL,NULL,NULL,NULL,NULL,NULL,NULL),(11,1,11,NULL,1,1,'p11',NULL,NULL,NULL,NULL,NULL,NULL,NULL,NULL,NULL,NULL,NULL,NULL,NULL,NULL,NULL,NULL,NULL,NULL,NULL,NULL,NULL,NULL,NULL,NULL,NULL,NULL,NULL,NULL,NULL,NULL,NULL,NULL,NULL,NULL),(12,1,12,NULL,1,1,'p12',NULL,NULL,NULL,NULL,NULL,NULL,NULL,NULL,NULL,NULL,NULL,NULL,NULL,NULL,NULL,NULL,NULL,NULL,NULL,NULL,NULL,NULL,NULL,NULL,NULL,NULL,NULL,NULL,NULL,NULL,NULL,NULL,NULL,NULL),(13,1,13,NULL,1,1,'z5l',NULL,NULL,NULL,NULL,NULL,NULL,NULL,NULL,NULL,NULL,NULL,NULL,NULL,NULL,NULL,NULL,NULL,NULL,NULL,NULL,NULL,NULL,NULL,NULL,NULL,NULL,NULL,NULL,NULL,NULL,NULL,NULL,NULL,NULL),(14,1,14,NULL,1,1,'z5r',NULL,NULL,NULL,NULL,NULL,NULL,NULL,NULL,NULL,NULL,NULL,NULL,NULL,NULL,NULL,NULL,NULL,NULL,NULL,NULL,NULL,NULL,NULL,NULL,NULL,NULL,NULL,NULL,NULL,NULL,NULL,NULL,NULL,NULL),(15,1,15,NULL,1,1,'p15',NULL,NULL,NULL,NULL,NULL,NULL,NULL,NULL,NULL,NULL,NULL,NULL,NULL,NULL,NULL,NULL,NULL,NULL,NULL,NULL,NULL,NULL,NULL,NULL,NULL,NULL,NULL,NULL,NULL,NULL,NULL,NULL,NULL,NULL),(16,1,16,NULL,1,1,'p16',NULL,NULL,NULL,NULL,NULL,NULL,NULL,NULL,NULL,NULL,NULL,NULL,NULL,NULL,NULL,NULL,NULL,NULL,NULL,NULL,NULL,NULL,NULL,NULL,NULL,NULL,NULL,NULL,NULL,NULL,NULL,NULL,NULL,NULL),(17,1,17,NULL,1,1,'z4r',NULL,NULL,NULL,NULL,NULL,NULL,NULL,NULL,NULL,NULL,NULL,NULL,NULL,NULL,NULL,NULL,NULL,NULL,NULL,NULL,NULL,NULL,NULL,NULL,NULL,NULL,NULL,NULL,NULL,NULL,NULL,NULL,NULL,NULL),(18,1,18,NULL,1,1,'p18',NULL,NULL,NULL,NULL,NULL,NULL,NULL,NULL,NULL,NULL,NULL,NULL,NULL,NULL,NULL,NULL,NULL,NULL,NULL,NULL,NULL,NULL,NULL,NULL,NULL,NULL,NULL,NULL,NULL,NULL,NULL,NULL,NULL,NULL),(19,1,19,NULL,1,1,'p19',NULL,NULL,NULL,NULL,NULL,NULL,NULL,NULL,NULL,NULL,NULL,NULL,NULL,NULL,NULL,NULL,NULL,NULL,NULL,NULL,NULL,NULL,NULL,NULL,NULL,NULL,NULL,NULL,NULL,NULL,NULL,NULL,NULL,NULL),(20,1,20,NULL,1,1,'z3r',NULL,NULL,NULL,NULL,NULL,NULL,NULL,NULL,NULL,NULL,NULL,NULL,NULL,NULL,NULL,NULL,NULL,NULL,NULL,NULL,NULL,NULL,NULL,NULL,NULL,NULL,NULL,NULL,NULL,NULL,NULL,NULL,NULL,NULL),(21,1,21,NULL,1,1,'p21',NULL,NULL,NULL,NULL,NULL,NULL,NULL,NULL,NULL,NULL,NULL,NULL,NULL,NULL,NULL,NULL,NULL,NULL,NULL,NULL,NULL,NULL,NULL,NULL,NULL,NULL,NULL,NULL,NULL,NULL,NULL,NULL,NULL,NULL),(22,1,22,NULL,1,1,'p22',NULL,NULL,NULL,NULL,NULL,NULL,NULL,NULL,NULL,NULL,NULL,NULL,NULL,NULL,NULL,NULL,NULL,NULL,NULL,NULL,NULL,NULL,NULL,NULL,NULL,NULL,NULL,NULL,NULL,NULL,NULL,NULL,NULL,NULL),(23,1,23,NULL,1,1,'z2r',NULL,NULL,NULL,NULL,NULL,NULL,NULL,NULL,NULL,NULL,NULL,NULL,NULL,NULL,NULL,NULL,NULL,NULL,NULL,NULL,NULL,NULL,NULL,NULL,NULL,NULL,NULL,NULL,NULL,NULL,NULL,NULL,NULL,NULL),(24,1,24,NULL,1,1,'p24',NULL,NULL,NULL,NULL,NULL,NULL,NULL,NULL,NULL,NULL,NULL,NULL,NULL,NULL,NULL,NULL,NULL,NULL,NULL,NULL,NULL,NULL,NULL,NULL,NULL,NULL,NULL,NULL,NULL,NULL,NULL,NULL,NULL,NULL),(25,1,25,NULL,1,1,'p25',NULL,NULL,NULL,NULL,NULL,NULL,NULL,NULL,NULL,NULL,NULL,NULL,NULL,NULL,NULL,NULL,NULL,NULL,NULL,NULL,NULL,NULL,NULL,NULL,NULL,NULL,NULL,NULL,NULL,NULL,NULL,NULL,NULL,NULL),(26,1,26,NULL,1,1,'z1r',NULL,NULL,NULL,NULL,NULL,NULL,NULL,NULL,NULL,NULL,NULL,NULL,NULL,NULL,NULL,NULL,NULL,NULL,NULL,NULL,NULL,NULL,NULL,NULL,NULL,NULL,NULL,NULL,NULL,NULL,NULL,NULL,NULL,NULL),(27,1,27,NULL,1,1,'z6l',NULL,1,NULL,NULL,NULL,NULL,NULL,NULL,NULL,NULL,NULL,NULL,NULL,NULL,NULL,NULL,NULL,NULL,NULL,NULL,NULL,NULL,NULL,NULL,NULL,NULL,NULL,NULL,NULL,NULL,NULL,NULL,NULL,NULL),(28,1,28,NULL,1,1,'p28',NULL,NULL,NULL,NULL,NULL,NULL,NULL,NULL,NULL,NULL,NULL,NULL,NULL,NULL,NULL,NULL,NULL,NULL,NULL,NULL,NULL,NULL,NULL,NULL,NULL,NULL,NULL,NULL,NULL,NULL,NULL,NULL,NULL,NULL),(29,1,29,NULL,1,1,'p29',NULL,NULL,NULL,NULL,NULL,NULL,NULL,NULL,NULL,NULL,NULL,NULL,NULL,NULL,NULL,NULL,NULL,NULL,NULL,NULL,NULL,NULL,NULL,NULL,NULL,NULL,NULL,NULL,NULL,NULL,NULL,NULL,NULL,NULL),(30,1,30,NULL,1,1,'z7l',NULL,NULL,NULL,NULL,NULL,NULL,NULL,NULL,NULL,NULL,NULL,NULL,NULL,NULL,NULL,NULL,NULL,NULL,NULL,NULL,NULL,NULL,NULL,NULL,NULL,NULL,NULL,NULL,NULL,NULL,NULL,NULL,NULL,NULL),(31,1,31,NULL,1,1,'p31',NULL,NULL,NULL,NULL,NULL,NULL,NULL,NULL,NULL,NULL,NULL,NULL,NULL,NULL,NULL,NULL,NULL,NULL,NULL,NULL,NULL,NULL,NULL,NULL,NULL,NULL,NULL,NULL,NULL,NULL,NULL,NULL,NULL,NULL),(32,1,32,NULL,1,1,'p32',NULL,NULL,NULL,NULL,NULL,NULL,NULL,NULL,NULL,NULL,NULL,NULL,NULL,NULL,NULL,NULL,NULL,NULL,NULL,NULL,NULL,NULL,NULL,NULL,NULL,NULL,NULL,NULL,NULL,NULL,NULL,NULL,NULL,NULL),(33,1,33,NULL,1,1,'z8l',NULL,NULL,NULL,NULL,NULL,NULL,NULL,NULL,NULL,NULL,NULL,NULL,NULL,NULL,NULL,NULL,NULL,NULL,NULL,NULL,NULL,NULL,NULL,NULL,NULL,NULL,NULL,NULL,NULL,NULL,NULL,NULL,NULL,NULL),(34,1,34,NULL,1,1,'z9l',NULL,NULL,NULL,NULL,NULL,NULL,NULL,NULL,NULL,NULL,NULL,NULL,NULL,NULL,NULL,NULL,NULL,NULL,NULL,NULL,NULL,NULL,NULL,NULL,NULL,NULL,NULL,NULL,NULL,NULL,NULL,NULL,NULL,NULL),(35,1,35,NULL,1,1,'z9r',NULL,NULL,NULL,NULL,NULL,NULL,NULL,NULL,NULL,NULL,NULL,NULL,NULL,NULL,NULL,NULL,NULL,NULL,NULL,NULL,NULL,NULL,NULL,NULL,NULL,NULL,NULL,NULL,NULL,NULL,NULL,NULL,NULL,NULL),(36,1,36,NULL,1,1,'p36',NULL,NULL,NULL,NULL,NULL,NULL,NULL,NULL,NULL,NULL,NULL,NULL,NULL,NULL,NULL,NULL,NULL,NULL,NULL,NULL,NULL,NULL,NULL,NULL,NULL,NULL,NULL,NULL,NULL,NULL,NULL,NULL,NULL,NULL),(37,1,37,NULL,1,1,'p37',NULL,NULL,NULL,NULL,NULL,NULL,NULL,NULL,NULL,NULL,NULL,NULL,NULL,NULL,NULL,NULL,NULL,NULL,NULL,NULL,NULL,NULL,NULL,NULL,NULL,NULL,NULL,NULL,NULL,NULL,NULL,NULL,NULL,NULL),(38,1,38,NULL,1,1,'z8r',NULL,NULL,NULL,NULL,NULL,NULL,NULL,NULL,NULL,NULL,NULL,NULL,NULL,NULL,NULL,NULL,NULL,NULL,NULL,NULL,NULL,NULL,NULL,NULL,NULL,NULL,NULL,NULL,NULL,NULL,NULL,NULL,NULL,NULL),(39,1,39,NULL,1,1,'p39',NULL,NULL,NULL,NULL,NULL,NULL,NULL,NULL,NULL,NULL,NULL,NULL,NULL,NULL,NULL,NULL,NULL,NULL,NULL,NULL,NULL,NULL,NULL,NULL,NULL,NULL,NULL,NULL,NULL,NULL,NULL,NULL,NULL,NULL),(40,1,40,NULL,1,1,'p40',NULL,NULL,NULL,NULL,NULL,NULL,NULL,NULL,NULL,NULL,NULL,NULL,NULL,NULL,NULL,NULL,NULL,NULL,NULL,NULL,NULL,NULL,NULL,NULL,NULL,NULL,NULL,NULL,NULL,NULL,NULL,NULL,NULL,NULL),(41,1,41,NULL,1,1,'z7r',NULL,NULL,NULL,NULL,NULL,NULL,NULL,NULL,NULL,NULL,NULL,NULL,NULL,NULL,NULL,NULL,NULL,NULL,NULL,NULL,NULL,NULL,NULL,NULL,NULL,NULL,NULL,NULL,NULL,NULL,NULL,NULL,NULL,NULL),(42,1,42,NULL,1,1,'p42',NULL,NULL,NULL,NULL,NULL,NULL,NULL,NULL,NULL,NULL,NULL,NULL,NULL,NULL,NULL,NULL,NULL,NULL,NULL,NULL,NULL,NULL,NULL,NULL,NULL,NULL,NULL,NULL,NULL,NULL,NULL,NULL,NULL,NULL),(43,1,43,NULL,1,1,'p43',NULL,NULL,NULL,NULL,NULL,NULL,NULL,NULL,NULL,NULL,NULL,NULL,NULL,NULL,NULL,NULL,NULL,NULL,NULL,NULL,NULL,NULL,NULL,NULL,NULL,NULL,NULL,NULL,NULL,NULL,NULL,NULL,NULL,NULL),(44,1,44,NULL,1,1,'z6r',NULL,NULL,NULL,NULL,NULL,NULL,NULL,NULL,NULL,NULL,NULL,NULL,NULL,NULL,NULL,NULL,NULL,NULL,NULL,NULL,NULL,NULL,NULL,NULL,NULL,NULL,NULL,NULL,NULL,NULL,NULL,NULL,NULL,NULL),(45,2,45,NULL,1,1,'z1l',NULL,1,NULL,NULL,NULL,NULL,NULL,NULL,NULL,NULL,NULL,NULL,NULL,NULL,NULL,NULL,NULL,NULL,NULL,NULL,NULL,NULL,NULL,NULL,NULL,NULL,NULL,NULL,NULL,NULL,NULL,NULL,NULL,NULL),(46,2,46,NULL,1,1,'p2',NULL,NULL,NULL,NULL,NULL,NULL,NULL,NULL,NULL,NULL,NULL,NULL,NULL,NULL,NULL,NULL,NULL,NULL,NULL,NULL,NULL,NULL,NULL,NULL,NULL,NULL,NULL,NULL,NULL,NULL,NULL,NULL,NULL,NULL),(47,2,47,NULL,1,1,'p3',NULL,NULL,NULL,NULL,NULL,NULL,NULL,NULL,NULL,NULL,NULL,NULL,NULL,NULL,NULL,NULL,NULL,NULL,NULL,NULL,NULL,NULL,NULL,NULL,NULL,NULL,NULL,NULL,NULL,NULL,NULL,NULL,NULL,NULL),(48,2,48,NULL,1,1,'z2l',NULL,NULL,NULL,NULL,NULL,NULL,NULL,NULL,NULL,NULL,NULL,NULL,NULL,NULL,NULL,NULL,NULL,NULL,NULL,NULL,NULL,NULL,NULL,NULL,NULL,NULL,NULL,NULL,NULL,NULL,NULL,NULL,NULL,NULL),(49,2,49,NULL,1,1,'p5',NULL,NULL,NULL,NULL,NULL,NULL,NULL,NULL,NULL,NULL,NULL,NULL,NULL,NULL,NULL,NULL,NULL,NULL,NULL,NULL,NULL,NULL,NULL,NULL,NULL,NULL,NULL,NULL,NULL,NULL,NULL,NULL,NULL,NULL),(50,2,50,NULL,1,1,'p6',NULL,NULL,NULL,NULL,NULL,NULL,NULL,NULL,NULL,NULL,NULL,NULL,NULL,NULL,NULL,NULL,NULL,NULL,NULL,NULL,NULL,NULL,NULL,NULL,NULL,NULL,NULL,NULL,NULL,NULL,NULL,NULL,NULL,NULL),(51,2,51,NULL,1,1,'z3l',NULL,NULL,NULL,NULL,NULL,NULL,NULL,NULL,NULL,NULL,NULL,NULL,NULL,NULL,NULL,NULL,NULL,NULL,NULL,NULL,NULL,NULL,NULL,NULL,NULL,NULL,NULL,NULL,NULL,NULL,NULL,NULL,NULL,NULL),(52,2,52,NULL,1,1,'p8',NULL,NULL,NULL,NULL,NULL,NULL,NULL,NULL,NULL,NULL,NULL,NULL,NULL,NULL,NULL,NULL,NULL,NULL,NULL,NULL,NULL,NULL,NULL,NULL,NULL,NULL,NULL,NULL,NULL,NULL,NULL,NULL,NULL,NULL),(53,2,53,NULL,1,1,'p9',NULL,NULL,NULL,NULL,NULL,NULL,NULL,NULL,NULL,NULL,NULL,NULL,NULL,NULL,NULL,NULL,NULL,NULL,NULL,NULL,NULL,NULL,NULL,NULL,NULL,NULL,NULL,NULL,NULL,NULL,NULL,NULL,NULL,NULL),(54,2,54,NULL,1,1,'z4l',NULL,NULL,NULL,NULL,NULL,NULL,NULL,NULL,NULL,NULL,NULL,NULL,NULL,NULL,NULL,NULL,NULL,NULL,NULL,NULL,NULL,NULL,NULL,NULL,NULL,NULL,NULL,NULL,NULL,NULL,NULL,NULL,NULL,NULL),(55,2,55,NULL,1,1,'p11',NULL,NULL,NULL,NULL,NULL,NULL,NULL,NULL,NULL,NULL,NULL,NULL,NULL,NULL,NULL,NULL,NULL,NULL,NULL,NULL,NULL,NULL,NULL,NULL,NULL,NULL,NULL,NULL,NULL,NULL,NULL,NULL,NULL,NULL),(56,2,56,NULL,1,1,'p12',NULL,NULL,NULL,NULL,NULL,NULL,NULL,NULL,NULL,NULL,NULL,NULL,NULL,NULL,NULL,NULL,NULL,NULL,NULL,NULL,NULL,NULL,NULL,NULL,NULL,NULL,NULL,NULL,NULL,NULL,NULL,NULL,NULL,NULL),(57,2,57,NULL,1,1,'z5l',NULL,NULL,NULL,NULL,NULL,NULL,NULL,NULL,NULL,NULL,NULL,NULL,NULL,NULL,NULL,NULL,NULL,NULL,NULL,NULL,NULL,NULL,NULL,NULL,NULL,NULL,NULL,NULL,NULL,NULL,NULL,NULL,NULL,NULL),(58,2,58,NULL,1,1,'z5r',NULL,NULL,NULL,NULL,NULL,NULL,NULL,NULL,NULL,NULL,NULL,NULL,NULL,NULL,NULL,NULL,NULL,NULL,NULL,NULL,NULL,NULL,NULL,NULL,NULL,NULL,NULL,NULL,NULL,NULL,NULL,NULL,NULL,NULL),(59,2,59,NULL,1,1,'p15',NULL,NULL,NULL,NULL,NULL,NULL,NULL,NULL,NULL,NULL,NULL,NULL,NULL,NULL,NULL,NULL,NULL,NULL,NULL,NULL,NULL,NULL,NULL,NULL,NULL,NULL,NULL,NULL,NULL,NULL,NULL,NULL,NULL,NULL),(60,2,60,NULL,1,1,'p16',NULL,NULL,NULL,NULL,NULL,NULL,NULL,NULL,NULL,NULL,NULL,NULL,NULL,NULL,NULL,NULL,NULL,NULL,NULL,NULL,NULL,NULL,NULL,NULL,NULL,NULL,NULL,NULL,NULL,NULL,NULL,NULL,NULL,NULL),(61,2,61,NULL,1,1,'z4r',NULL,NULL,NULL,NULL,NULL,NULL,NULL,NULL,NULL,NULL,NULL,NULL,NULL,NULL,NULL,NULL,NULL,NULL,NULL,NULL,NULL,NULL,NULL,NULL,NULL,NULL,NULL,NULL,NULL,NULL,NULL,NULL,NULL,NULL),(62,2,62,NULL,1,1,'p18',NULL,NULL,NULL,NULL,NULL,NULL,NULL,NULL,NULL,NULL,NULL,NULL,NULL,NULL,NULL,NULL,NULL,NULL,NULL,NULL,NULL,NULL,NULL,NULL,NULL,NULL,NULL,NULL,NULL,NULL,NULL,NULL,NULL,NULL),(63,2,63,NULL,1,1,'p19',NULL,NULL,NULL,NULL,NULL,NULL,NULL,NULL,NULL,NULL,NULL,NULL,NULL,NULL,NULL,NULL,NULL,NULL,NULL,NULL,NULL,NULL,NULL,NULL,NULL,NULL,NULL,NULL,NULL,NULL,NULL,NULL,NULL,NULL),(64,2,64,NULL,1,1,'z3r',NULL,NULL,NULL,NULL,NULL,NULL,NULL,NULL,NULL,NULL,NULL,NULL,NULL,NULL,NULL,NULL,NULL,NULL,NULL,NULL,NULL,NULL,NULL,NULL,NULL,NULL,NULL,NULL,NULL,NULL,NULL,NULL,NULL,NULL),(65,2,65,NULL,1,1,'p21',NULL,NULL,NULL,NULL,NULL,NULL,NULL,NULL,NULL,NULL,NULL,NULL,NULL,NULL,NULL,NULL,NULL,NULL,NULL,NULL,NULL,NULL,NULL,NULL,NULL,NULL,NULL,NULL,NULL,NULL,NULL,NULL,NULL,NULL),(66,2,66,NULL,1,1,'p22',NULL,NULL,NULL,NULL,NULL,NULL,NULL,NULL,NULL,NULL,NULL,NULL,NULL,NULL,NULL,NULL,NULL,NULL,NULL,NULL,NULL,NULL,NULL,NULL,NULL,NULL,NULL,NULL,NULL,NULL,NULL,NULL,NULL,NULL),(67,2,67,NULL,1,1,'z2r',NULL,NULL,NULL,NULL,NULL,NULL,NULL,NULL,NULL,NULL,NULL,NULL,NULL,NULL,NULL,NULL,NULL,NULL,NULL,NULL,NULL,NULL,NULL,NULL,NULL,NULL,NULL,NULL,NULL,NULL,NULL,NULL,NULL,NULL),(68,2,68,NULL,1,1,'p24',NULL,NULL,NULL,NULL,NULL,NULL,NULL,NULL,NULL,NULL,NULL,NULL,NULL,NULL,NULL,NULL,NULL,NULL,NULL,NULL,NULL,NULL,NULL,NULL,NULL,NULL,NULL,NULL,NULL,NULL,NULL,NULL,NULL,NULL),(69,2,69,NULL,1,1,'p25',NULL,NULL,NULL,NULL,NULL,NULL,NULL,NULL,NULL,NULL,NULL,NULL,NULL,NULL,NULL,NULL,NULL,NULL,NULL,NULL,NULL,NULL,NULL,NULL,NULL,NULL,NULL,NULL,NULL,NULL,NULL,NULL,NULL,NULL),(70,2,70,NULL,1,1,'z1r',NULL,NULL,NULL,NULL,NULL,NULL,NULL,NULL,NULL,NULL,NULL,NULL,NULL,NULL,NULL,NULL,NULL,NULL,NULL,NULL,NULL,NULL,NULL,NULL,NULL,NULL,NULL,NULL,NULL,NULL,NULL,NULL,NULL,NULL),(71,2,71,NULL,1,1,'z6l',NULL,1,NULL,NULL,NULL,NULL,NULL,NULL,NULL,NULL,NULL,NULL,NULL,NULL,NULL,NULL,NULL,NULL,NULL,NULL,NULL,NULL,NULL,NULL,NULL,NULL,NULL,NULL,NULL,NULL,NULL,NULL,NULL,NULL),(72,2,72,NULL,1,1,'p28',NULL,NULL,NULL,NULL,NULL,NULL,NULL,NULL,NULL,NULL,NULL,NULL,NULL,NULL,NULL,NULL,NULL,NULL,NULL,NULL,NULL,NULL,NULL,NULL,NULL,NULL,NULL,NULL,NULL,NULL,NULL,NULL,NULL,NULL),(73,2,73,NULL,1,1,'p29',NULL,NULL,NULL,NULL,NULL,NULL,NULL,NULL,NULL,NULL,NULL,NULL,NULL,NULL,NULL,NULL,NULL,NULL,NULL,NULL,NULL,NULL,NULL,NULL,NULL,NULL,NULL,NULL,NULL,NULL,NULL,NULL,NULL,NULL),(74,2,74,NULL,1,1,'z7l',NULL,NULL,NULL,NULL,NULL,NULL,NULL,NULL,NULL,NULL,NULL,NULL,NULL,NULL,NULL,NULL,NULL,NULL,NULL,NULL,NULL,NULL,NULL,NULL,NULL,NULL,NULL,NULL,NULL,NULL,NULL,NULL,NULL,NULL),(75,2,75,NULL,1,1,'p31',NULL,NULL,NULL,NULL,NULL,NULL,NULL,NULL,NULL,NULL,NULL,NULL,NULL,NULL,NULL,NULL,NULL,NULL,NULL,NULL,NULL,NULL,NULL,NULL,NULL,NULL,NULL,NULL,NULL,NULL,NULL,NULL,NULL,NULL),(76,2,76,NULL,1,1,'p32',NULL,NULL,NULL,NULL,NULL,NULL,NULL,NULL,NULL,NULL,NULL,NULL,NULL,NULL,NULL,NULL,NULL,NULL,NULL,NULL,NULL,NULL,NULL,NULL,NULL,NULL,NULL,NULL,NULL,NULL,NULL,NULL,NULL,NULL),(77,2,77,NULL,1,1,'z8l',NULL,NULL,NULL,NULL,NULL,NULL,NULL,NULL,NULL,NULL,NULL,NULL,NULL,NULL,NULL,NULL,NULL,NULL,NULL,NULL,NULL,NULL,NULL,NULL,NULL,NULL,NULL,NULL,NULL,NULL,NULL,NULL,NULL,NULL),(78,2,78,NULL,1,1,'z9l',NULL,NULL,NULL,NULL,NULL,NULL,NULL,NULL,NULL,NULL,NULL,NULL,NULL,NULL,NULL,NULL,NULL,NULL,NULL,NULL,NULL,NULL,NULL,NULL,NULL,NULL,NULL,NULL,NULL,NULL,NULL,NULL,NULL,NULL),(79,2,79,NULL,1,1,'z9r',NULL,NULL,NULL,NULL,NULL,NULL,NULL,NULL,NULL,NULL,NULL,NULL,NULL,NULL,NULL,NULL,NULL,NULL,NULL,NULL,NULL,NULL,NULL,NULL,NULL,NULL,NULL,NULL,NULL,NULL,NULL,NULL,NULL,NULL),(80,2,80,NULL,1,1,'p36',NULL,NULL,NULL,NULL,NULL,NULL,NULL,NULL,NULL,NULL,NULL,NULL,NULL,NULL,NULL,NULL,NULL,NULL,NULL,NULL,NULL,NULL,NULL,NULL,NULL,NULL,NULL,NULL,NULL,NULL,NULL,NULL,NULL,NULL),(81,2,81,NULL,1,1,'p37',NULL,NULL,NULL,NULL,NULL,NULL,NULL,NULL,NULL,NULL,NULL,NULL,NULL,NULL,NULL,NULL,NULL,NULL,NULL,NULL,NULL,NULL,NULL,NULL,NULL,NULL,NULL,NULL,NULL,NULL,NULL,NULL,NULL,NULL),(82,2,82,NULL,1,1,'z8r',NULL,NULL,NULL,NULL,NULL,NULL,NULL,NULL,NULL,NULL,NULL,NULL,NULL,NULL,NULL,NULL,NULL,NULL,NULL,NULL,NULL,NULL,NULL,NULL,NULL,NULL,NULL,NULL,NULL,NULL,NULL,NULL,NULL,NULL),(83,2,83,NULL,1,1,'p39',NULL,NULL,NULL,NULL,NULL,NULL,NULL,NULL,NULL,NULL,NULL,NULL,NULL,NULL,NULL,NULL,NULL,NULL,NULL,NULL,NULL,NULL,NULL,NULL,NULL,NULL,NULL,NULL,NULL,NULL,NULL,NULL,NULL,NULL),(84,2,84,NULL,1,1,'p40',NULL,NULL,NULL,NULL,NULL,NULL,NULL,NULL,NULL,NULL,NULL,NULL,NULL,NULL,NULL,NULL,NULL,NULL,NULL,NULL,NULL,NULL,NULL,NULL,NULL,NULL,NULL,NULL,NULL,NULL,NULL,NULL,NULL,NULL),(85,2,85,NULL,1,1,'z7r',NULL,NULL,NULL,NULL,NULL,NULL,NULL,NULL,NULL,NULL,NULL,NULL,NULL,NULL,NULL,NULL,NULL,NULL,NULL,NULL,NULL,NULL,NULL,NULL,NULL,NULL,NULL,NULL,NULL,NULL,NULL,NULL,NULL,NULL),(86,2,86,NULL,1,1,'p42',NULL,NULL,NULL,NULL,NULL,NULL,NULL,NULL,NULL,NULL,NULL,NULL,NULL,NULL,NULL,NULL,NULL,NULL,NULL,NULL,NULL,NULL,NULL,NULL,NULL,NULL,NULL,NULL,NULL,NULL,NULL,NULL,NULL,NULL),(87,2,87,NULL,1,1,'p43',NULL,NULL,NULL,NULL,NULL,NULL,NULL,NULL,NULL,NULL,NULL,NULL,NULL,NULL,NULL,NULL,NULL,NULL,NULL,NULL,NULL,NULL,NULL,NULL,NULL,NULL,NULL,NULL,NULL,NULL,NULL,NULL,NULL,NULL),(88,2,88,NULL,1,1,'z6r',NULL,NULL,NULL,NULL,NULL,NULL,NULL,NULL,NULL,NULL,NULL,NULL,NULL,NULL,NULL,NULL,NULL,NULL,NULL,NULL,NULL,NULL,NULL,NULL,NULL,NULL,NULL,NULL,NULL,NULL,NULL,NULL,NULL,NULL),(89,3,89,'A',1,2,'z1l',NULL,1,NULL,NULL,NULL,NULL,NULL,NULL,NULL,NULL,NULL,NULL,NULL,NULL,NULL,NULL,NULL,NULL,NULL,NULL,NULL,NULL,NULL,NULL,NULL,NULL,NULL,NULL,NULL,NULL,NULL,NULL,NULL,NULL),(90,4,90,'B',1,2,'z1l',NULL,1,NULL,NULL,NULL,NULL,NULL,NULL,NULL,NULL,NULL,NULL,NULL,NULL,NULL,NULL,NULL,NULL,NULL,NULL,NULL,NULL,NULL,NULL,NULL,NULL,NULL,NULL,NULL,NULL,NULL,NULL,NULL,NULL),(91,3,91,'A',1,2,'z2l',NULL,NULL,NULL,NULL,NULL,NULL,NULL,NULL,NULL,NULL,NULL,NULL,NULL,NULL,NULL,NULL,NULL,NULL,NULL,NULL,NULL,NULL,NULL,NULL,NULL,NULL,NULL,NULL,NULL,NULL,NULL,NULL,NULL,NULL),(92,4,92,'B',1,2,'z2l',NULL,NULL,NULL,NULL,NULL,NULL,NULL,NULL,NULL,NULL,NULL,NULL,NULL,NULL,NULL,NULL,NULL,NULL,NULL,NULL,NULL,NULL,NULL,NULL,NULL,NULL,NULL,NULL,NULL,NULL,NULL,NULL,NULL,NULL),(93,3,93,'A',1,2,'z3l',NULL,NULL,NULL,NULL,NULL,NULL,NULL,NULL,NULL,NULL,NULL,NULL,NULL,NULL,NULL,NULL,NULL,NULL,NULL,NULL,NULL,NULL,NULL,NULL,NULL,NULL,NULL,NULL,NULL,NULL,NULL,NULL,NULL,NULL),(94,4,94,'B',1,2,'z3l',NULL,NULL,NULL,NULL,NULL,NULL,NULL,NULL,NULL,NULL,NULL,NULL,NULL,NULL,NULL,NULL,NULL,NULL,NULL,NULL,NULL,NULL,NULL,NULL,NULL,NULL,NULL,NULL,NULL,NULL,NULL,NULL,NULL,NULL),(95,3,95,'A',1,2,'z4l',NULL,NULL,NULL,NULL,NULL,NULL,NULL,NULL,NULL,NULL,NULL,NULL,NULL,NULL,NULL,NULL,NULL,NULL,NULL,NULL,NULL,NULL,NULL,NULL,NULL,NULL,NULL,NULL,NULL,NULL,NULL,NULL,NULL,NULL),(96,4,96,'B',1,2,'z4l',NULL,NULL,NULL,NULL,NULL,NULL,NULL,NULL,NULL,NULL,NULL,NULL,NULL,NULL,NULL,NULL,NULL,NULL,NULL,NULL,NULL,NULL,NULL,NULL,NULL,NULL,NULL,NULL,NULL,NULL,NULL,NULL,NULL,NULL),(97,3,97,'A',1,2,'z5l',NULL,NULL,NULL,NULL,NULL,NULL,NULL,NULL,NULL,NULL,NULL,NULL,NULL,NULL,NULL,NULL,NULL,NULL,NULL,NULL,NULL,NULL,NULL,NULL,NULL,NULL,NULL,NULL,NULL,NULL,NULL,NULL,NULL,NULL),(98,4,98,'B',1,2,'z5l',NULL,NULL,NULL,NULL,NULL,NULL,NULL,NULL,NULL,NULL,NULL,NULL,NULL,NULL,NULL,NULL,NULL,NULL,NULL,NULL,NULL,NULL,NULL,NULL,NULL,NULL,NULL,NULL,NULL,NULL,NULL,NULL,NULL,NULL),(99,3,99,'A',1,2,'z5r',NULL,NULL,NULL,NULL,NULL,NULL,NULL,NULL,NULL,NULL,NULL,NULL,NULL,NULL,NULL,NULL,NULL,NULL,NULL,NULL,NULL,NULL,NULL,NULL,NULL,NULL,NULL,NULL,NULL,NULL,NULL,NULL,NULL,NULL),(100,4,100,'B',1,2,'z5r',NULL,NULL,NULL,NULL,NULL,NULL,NULL,NULL,NULL,NULL,NULL,NULL,NULL,NULL,NULL,NULL,NULL,NULL,NULL,NULL,NULL,NULL,NULL,NULL,NULL,NULL,NULL,NULL,NULL,NULL,NULL,NULL,NULL,NULL),(101,3,101,'A',1,2,'z4r',NULL,NULL,NULL,NULL,NULL,NULL,NULL,NULL,NULL,NULL,NULL,NULL,NULL,NULL,NULL,NULL,NULL,NULL,NULL,NULL,NULL,NULL,NULL,NULL,NULL,NULL,NULL,NULL,NULL,NULL,NULL,NULL,NULL,NULL),(102,4,102,'B',1,2,'z4r',NULL,NULL,NULL,NULL,NULL,NULL,NULL,NULL,NULL,NULL,NULL,NULL,NULL,NULL,NULL,NULL,NULL,NULL,NULL,NULL,NULL,NULL,NULL,NULL,NULL,NULL,NULL,NULL,NULL,NULL,NULL,NULL,NULL,NULL),(103,3,103,'A',1,2,'z3r',NULL,NULL,NULL,NULL,NULL,NULL,NULL,NULL,NULL,NULL,NULL,NULL,NULL,NULL,NULL,NULL,NULL,NULL,NULL,NULL,NULL,NULL,NULL,NULL,NULL,NULL,NULL,NULL,NULL,NULL,NULL,NULL,NULL,NULL),(104,4,104,'B',1,2,'z3r',NULL,NULL,NULL,NULL,NULL,NULL,NULL,NULL,NULL,NULL,NULL,NULL,NULL,NULL,NULL,NULL,NULL,NULL,NULL,NULL,NULL,NULL,NULL,NULL,NULL,NULL,NULL,NULL,NULL,NULL,NULL,NULL,NULL,NULL),(105,3,105,'A',1,2,'z2r',NULL,NULL,NULL,NULL,NULL,NULL,NULL,NULL,NULL,NULL,NULL,NULL,NULL,NULL,NULL,NULL,NULL,NULL,NULL,NULL,NULL,NULL,NULL,NULL,NULL,NULL,NULL,NULL,NULL,NULL,NULL,NULL,NULL,NULL),(106,4,106,'B',1,2,'z2r',NULL,NULL,NULL,NULL,NULL,NULL,NULL,NULL,NULL,NULL,NULL,NULL,NULL,NULL,NULL,NULL,NULL,NULL,NULL,NULL,NULL,NULL,NULL,NULL,NULL,NULL,NULL,NULL,NULL,NULL,NULL,NULL,NULL,NULL),(107,3,107,'A',1,2,'z1r',NULL,NULL,NULL,NULL,NULL,NULL,NULL,NULL,NULL,NULL,NULL,NULL,NULL,NULL,NULL,NULL,NULL,NULL,NULL,NULL,NULL,NULL,NULL,NULL,NULL,NULL,NULL,NULL,NULL,NULL,NULL,NULL,NULL,NULL),(108,4,108,'B',1,2,'z1r',NULL,NULL,NULL,NULL,NULL,NULL,NULL,NULL,NULL,NULL,NULL,NULL,NULL,NULL,NULL,NULL,NULL,NULL,NULL,NULL,NULL,NULL,NULL,NULL,NULL,NULL,NULL,NULL,NULL,NULL,NULL,NULL,NULL,NULL),(109,3,109,'A',1,2,'z6l',NULL,1,NULL,NULL,NULL,NULL,NULL,NULL,NULL,NULL,NULL,NULL,NULL,NULL,NULL,NULL,NULL,NULL,NULL,NULL,NULL,NULL,NULL,NULL,NULL,NULL,NULL,NULL,NULL,NULL,NULL,NULL,NULL,NULL),(110,4,110,'B',1,2,'z6l',NULL,1,NULL,NULL,NULL,NULL,NULL,NULL,NULL,NULL,NULL,NULL,NULL,NULL,NULL,NULL,NULL,NULL,NULL,NULL,NULL,NULL,NULL,NULL,NULL,NULL,NULL,NULL,NULL,NULL,NULL,NULL,NULL,NULL),(111,3,111,'A',1,2,'z7l',NULL,NULL,NULL,NULL,NULL,NULL,NULL,NULL,NULL,NULL,NULL,NULL,NULL,NULL,NULL,NULL,NULL,NULL,NULL,NULL,NULL,NULL,NULL,NULL,NULL,NULL,NULL,NULL,NULL,NULL,NULL,NULL,NULL,NULL),(112,4,112,'B',1,2,'z7l',NULL,NULL,NULL,NULL,NULL,NULL,NULL,NULL,NULL,NULL,NULL,NULL,NULL,NULL,NULL,NULL,NULL,NULL,NULL,NULL,NULL,NULL,NULL,NULL,NULL,NULL,NULL,NULL,NULL,NULL,NULL,NULL,NULL,NULL),(113,3,113,'A',1,2,'z8l',NULL,NULL,NULL,NULL,NULL,NULL,NULL,NULL,NULL,NULL,NULL,NULL,NULL,NULL,NULL,NULL,NULL,NULL,NULL,NULL,NULL,NULL,NULL,NULL,NULL,NULL,NULL,NULL,NULL,NULL,NULL,NULL,NULL,NULL),(114,4,114,'B',1,2,'z8l',NULL,NULL,NULL,NULL,NULL,NULL,NULL,NULL,NULL,NULL,NULL,NULL,NULL,NULL,NULL,NULL,NULL,NULL,NULL,NULL,NULL,NULL,NULL,NULL,NULL,NULL,NULL,NULL,NULL,NULL,NULL,NULL,NULL,NULL),(115,3,115,'A',1,2,'z9l',NULL,NULL,NULL,NULL,NULL,NULL,NULL,NULL,NULL,NULL,NULL,NULL,NULL,NULL,NULL,NULL,NULL,NULL,NULL,NULL,NULL,NULL,NULL,NULL,NULL,NULL,NULL,NULL,NULL,NULL,NULL,NULL,NULL,NULL),(116,4,116,'B',1,2,'z9l',NULL,NULL,NULL,NULL,NULL,NULL,NULL,NULL,NULL,NULL,NULL,NULL,NULL,NULL,NULL,NULL,NULL,NULL,NULL,NULL,NULL,NULL,NULL,NULL,NULL,NULL,NULL,NULL,NULL,NULL,NULL,NULL,NULL,NULL),(117,3,117,'A',1,2,'z9r',NULL,NULL,NULL,NULL,NULL,NULL,NULL,NULL,NULL,NULL,NULL,NULL,NULL,NULL,NULL,NULL,NULL,NULL,NULL,NULL,NULL,NULL,NULL,NULL,NULL,NULL,NULL,NULL,NULL,NULL,NULL,NULL,NULL,NULL),(118,4,118,'B',1,2,'z9r',NULL,NULL,NULL,NULL,NULL,NULL,NULL,NULL,NULL,NULL,NULL,NULL,NULL,NULL,NULL,NULL,NULL,NULL,NULL,NULL,NULL,NULL,NULL,NULL,NULL,NULL,NULL,NULL,NULL,NULL,NULL,NULL,NULL,NULL),(119,3,119,'A',1,2,'z8r',NULL,NULL,NULL,NULL,NULL,NULL,NULL,NULL,NULL,NULL,NULL,NULL,NULL,NULL,NULL,NULL,NULL,NULL,NULL,NULL,NULL,NULL,NULL,NULL,NULL,NULL,NULL,NULL,NULL,NULL,NULL,NULL,NULL,NULL),(120,4,120,'B',1,2,'z8r',NULL,NULL,NULL,NULL,NULL,NULL,NULL,NULL,NULL,NULL,NULL,NULL,NULL,NULL,NULL,NULL,NULL,NULL,NULL,NULL,NULL,NULL,NULL,NULL,NULL,NULL,NULL,NULL,NULL,NULL,NULL,NULL,NULL,NULL),(121,3,121,'A',1,2,'z7r',NULL,NULL,NULL,NULL,NULL,NULL,NULL,NULL,NULL,NULL,NULL,NULL,NULL,NULL,NULL,NULL,NULL,NULL,NULL,NULL,NULL,NULL,NULL,NULL,NULL,NULL,NULL,NULL,NULL,NULL,NULL,NULL,NULL,NULL),(122,4,122,'B',1,2,'z7r',NULL,NULL,NULL,NULL,NULL,NULL,NULL,NULL,NULL,NULL,NULL,NULL,NULL,NULL,NULL,NULL,NULL,NULL,NULL,NULL,NULL,NULL,NULL,NULL,NULL,NULL,NULL,NULL,NULL,NULL,NULL,NULL,NULL,NULL),(123,3,123,'A',1,2,'z6r',NULL,NULL,NULL,NULL,NULL,NULL,NULL,NULL,NULL,NULL,NULL,NULL,NULL,NULL,NULL,NULL,NULL,NULL,NULL,NULL,NULL,NULL,NULL,NULL,NULL,NULL,NULL,NULL,NULL,NULL,NULL,NULL,NULL,NULL),(124,4,124,'B',1,2,'z6r',NULL,NULL,NULL,NULL,NULL,NULL,NULL,NULL,NULL,NULL,NULL,NULL,NULL,NULL,NULL,NULL,NULL,NULL,NULL,NULL,NULL,NULL,NULL,NULL,NULL,NULL,NULL,NULL,NULL,NULL,NULL,NULL,NULL,NULL);
/*!40000 ALTER TABLE `glyphparam` ENABLE KEYS */;
UNLOCK TABLES;

--
-- Table structure for table `localparam`
--

DROP TABLE IF EXISTS `localparam`;
/*!40101 SET @saved_cs_client     = @@character_set_client */;
/*!40101 SET character_set_client = utf8 */;
CREATE TABLE `localparam` (
  `id` int(11) NOT NULL AUTO_INCREMENT,
  `user_id` int(11) DEFAULT NULL,
  `px` float DEFAULT NULL,
  `width` float DEFAULT NULL,
  `space` float DEFAULT NULL,
  `xheight` float DEFAULT NULL,
  `capital` float DEFAULT NULL,
  `boxheight` float DEFAULT NULL,
  `ascender` float DEFAULT NULL,
  `descender` float DEFAULT NULL,
  `inktrap` float DEFAULT NULL,
  `stemcut` float DEFAULT NULL,
  `skeleton` float DEFAULT NULL,
  `superness` float DEFAULT NULL,
  `over` float DEFAULT NULL,
  PRIMARY KEY (`id`),
  KEY `user_id` (`user_id`),
  CONSTRAINT `localparam_ibfk_1` FOREIGN KEY (`user_id`) REFERENCES `users` (`id`)
) ENGINE=InnoDB DEFAULT CHARSET=utf8;
/*!40101 SET character_set_client = @saved_cs_client */;

--
-- Dumping data for table `localparam`
--

LOCK TABLES `localparam` WRITE;
/*!40000 ALTER TABLE `localparam` DISABLE KEYS */;
/*!40000 ALTER TABLE `localparam` ENABLE KEYS */;
UNLOCK TABLES;

--
-- Table structure for table `master`
--

DROP TABLE IF EXISTS `master`;
/*!40101 SET @saved_cs_client     = @@character_set_client */;
/*!40101 SET character_set_client = utf8 */;
CREATE TABLE `master` (
  `id` int(11) NOT NULL AUTO_INCREMENT,
  `project_id` int(11) DEFAULT NULL,
  `user_id` int(11) DEFAULT NULL,
  `idlocala` int(11) DEFAULT NULL,
  `idlocalb` int(11) DEFAULT NULL,
  `idglobal` int(11) DEFAULT NULL,
  `version` int(11) DEFAULT NULL,
  `fontnamea` text,
  `fontnameb` text,
  PRIMARY KEY (`id`),
  KEY `project_id` (`project_id`),
  KEY `user_id` (`user_id`),
  KEY `idlocala` (`idlocala`),
  KEY `idlocalb` (`idlocalb`),
  KEY `idglobal` (`idglobal`),
  KEY `ix_master_version` (`version`),
  CONSTRAINT `master_ibfk_1` FOREIGN KEY (`project_id`) REFERENCES `projects` (`id`),
  CONSTRAINT `master_ibfk_2` FOREIGN KEY (`user_id`) REFERENCES `users` (`id`),
  CONSTRAINT `master_ibfk_3` FOREIGN KEY (`idlocala`) REFERENCES `localparam` (`id`),
  CONSTRAINT `master_ibfk_4` FOREIGN KEY (`idlocalb`) REFERENCES `localparam` (`id`),
  CONSTRAINT `master_ibfk_5` FOREIGN KEY (`idglobal`) REFERENCES `globalparam` (`id`)
) ENGINE=InnoDB AUTO_INCREMENT=3 DEFAULT CHARSET=utf8;
/*!40101 SET character_set_client = @saved_cs_client */;

--
-- Dumping data for table `master`
--

LOCK TABLES `master` WRITE;
/*!40000 ALTER TABLE `master` DISABLE KEYS */;
INSERT INTO `master` VALUES (1,1,1,NULL,NULL,NULL,1,NULL,NULL),(2,1,1,NULL,NULL,NULL,2,NULL,NULL);
/*!40000 ALTER TABLE `master` ENABLE KEYS */;
UNLOCK TABLES;

--
-- Table structure for table `projects`
--

DROP TABLE IF EXISTS `projects`;
/*!40101 SET @saved_cs_client     = @@character_set_client */;
/*!40101 SET character_set_client = utf8 */;
CREATE TABLE `projects` (
  `id` int(11) NOT NULL AUTO_INCREMENT,
  `user_id` int(11) DEFAULT NULL,
  `projectname` varchar(128) DEFAULT NULL,
  PRIMARY KEY (`id`),
  KEY `user_id` (`user_id`),
  KEY `ix_projects_projectname` (`projectname`),
  CONSTRAINT `projects_ibfk_1` FOREIGN KEY (`user_id`) REFERENCES `users` (`id`)
) ENGINE=InnoDB AUTO_INCREMENT=2 DEFAULT CHARSET=utf8;
/*!40101 SET character_set_client = @saved_cs_client */;

--
-- Dumping data for table `projects`
--

LOCK TABLES `projects` WRITE;
/*!40000 ALTER TABLE `projects` DISABLE KEYS */;
INSERT INTO `projects` VALUES (1,1,'MP_akku-LR');
/*!40000 ALTER TABLE `projects` ENABLE KEYS */;
UNLOCK TABLES;

--
-- Table structure for table `users`
--

DROP TABLE IF EXISTS `users`;
/*!40101 SET @saved_cs_client     = @@character_set_client */;
/*!40101 SET character_set_client = utf8 */;
CREATE TABLE `users` (
  `id` int(11) NOT NULL AUTO_INCREMENT,
  `username` varchar(32) DEFAULT NULL,
  `password` text,
  `email` varchar(32) DEFAULT NULL,
  `is_admin` tinyint(1) DEFAULT NULL,
  `date_joined` datetime DEFAULT NULL,
  PRIMARY KEY (`id`),
  KEY `ix_users_username` (`username`)
) ENGINE=InnoDB AUTO_INCREMENT=2 DEFAULT CHARSET=utf8;
/*!40101 SET character_set_client = @saved_cs_client */;

--
-- Dumping data for table `users`
--

LOCK TABLES `users` WRITE;
/*!40000 ALTER TABLE `users` DISABLE KEYS */;
INSERT INTO `users` VALUES (1,'guest1','$2a$12$C.TZT8xflMLAyiBjTlwLhuMUluMwEKiGizGxSLKVcjjYsmtRoI19O','hash.3g@gmail.com',NULL,'2013-11-28 09:20:07');
/*!40000 ALTER TABLE `users` ENABLE KEYS */;
UNLOCK TABLES;
/*!40103 SET TIME_ZONE=@OLD_TIME_ZONE */;

/*!40101 SET SQL_MODE=@OLD_SQL_MODE */;
/*!40014 SET FOREIGN_KEY_CHECKS=@OLD_FOREIGN_KEY_CHECKS */;
/*!40014 SET UNIQUE_CHECKS=@OLD_UNIQUE_CHECKS */;
/*!40101 SET CHARACTER_SET_CLIENT=@OLD_CHARACTER_SET_CLIENT */;
/*!40101 SET CHARACTER_SET_RESULTS=@OLD_CHARACTER_SET_RESULTS */;
/*!40101 SET COLLATION_CONNECTION=@OLD_COLLATION_CONNECTION */;
/*!40111 SET SQL_NOTES=@OLD_SQL_NOTES */;

-- Dump completed on 2013-11-28 10:00:24
